<?xml version="1.0" encoding="UTF-8"?>
<!--
 Licensed to the Apache Software Foundation (ASF) under one
 or more contributor license agreements.  See the NOTICE file
 distributed with this work for additional information
 regarding copyright ownership.  The ASF licenses this file
 to you under the Apache License, Version 2.0 (the
 "License"); you may not use this file except in compliance
 with the License.  You may obtain a copy of the License at

   http://www.apache.org/licenses/LICENSE-2.0

 Unless required by applicable law or agreed to in writing,
 software distributed under the License is distributed on an
 "AS IS" BASIS, WITHOUT WARRANTIES OR CONDITIONS OF ANY
 KIND, either express or implied.  See the License for the
 specific language governing permissions and limitations
 under the License.    
-->

<project name="Apache Velocity">
  <publishDate position="bottom" format="yyyy-MM-dd HH:mm:ss"/>
  <bannerLeft>
    <name>Apache Velocity Project</name>
    <src>/images/velocity_project_wide.png</src>
    <href>http://velocity.apache.org/</href>
  </bannerLeft>

  <bannerRight>
    <name>Apache Velocity</name>
    <src>/images/velocity-logo.png</src>
  </bannerRight>

  <poweredBy>
    <logo name="Apache Velocity" 
          href="http://velocity.apache.org/"
          img="/images/pbv90x30.png" />
    <logo name="Velocity News Feed" 
          href="http://velocity.apache.org/rss/news.rss"
          img="/images/feed-icon-24x24.jpg" />
  </poweredBy>

  <skin>
    <groupId>org.apache.velocity.site</groupId>
    <artifactId>velocity-site-skin</artifactId>
    <version>1.2.3</version>
  </skin>

  <body>
    <breadcrumbs>
      <item name="Apache" href="http://www.apache.org/"/>
      <item name="Velocity" href="http://velocity.apache.org/"/>
      <item name="Velocity Engine"/>
    </breadcrumbs>

    <links>
      <item name="Engine" href="http://velocity.apache.org/engine/devel/"/>
      <item name="Tools" href="http://velocity.apache.org/tools/devel/"/>
      <item name="Anakia" href="http://velocity.apache.org/anakia/devel/"/>
      <item name="Texen" href="http://velocity.apache.org/texen/devel/"/>
      <item name="DocBook" href="http://velocity.apache.org/docbook/"/>
      <item name="DVSL" href="http://velocity.apache.org/dvsl/devel/"/>
    </links>

    <menu name="Velocity">
        <item name="General"                  href="index.html"/>
        <item name="Overview"                 href="overview.html"/>
        <item name="Getting Started"          href="getting-started.html"/>
        <item name="Web Applications"         href="webapps.html"/>
        <item name="Download"                 href="http://velocity.apache.org/download.cgi" />
        <item name="FAQ (Wiki)"               href="http://wiki.apache.org/velocity/VelocityFAQ"/>
    </menu>

    <menu name="Docs">
        <item name="User Guide"               href="user-guide.html"/>
        <item name="Developer Guide"          href="developer-guide.html"/>
        <item name="VTL Reference"            href="vtl-reference-guide.html"/>
        <item name="Glossary"                 href="glossary.html"/>
    </menu>

    <menu name="Developers">
        <item name="License"                  href="license.html"/>
        <item name="Javadoc"                  href="apidocs/index.html"/>
        <item name="Changes"                  href="changes-report.html"/>
        <item name="Resolved Issues"          href="jira-report.html"/>
        <item name="Upgrading"                href="upgrading.html"/>
        <item name="Dependencies"             href="jar-dependencies.html"/>
        <item name="Source Code Repository"   href="http://svn.apache.org/viewvc/velocity/engine/trunk/"/>
        <item name="Building from Source"     href="build.html"/>
    </menu>

    <menu name="Community">
        <item name="Wiki"                     href="http://wiki.apache.org/velocity/"/>
        <item name="Recent News"              href="http://velocity.apache.org/news.html"/>
        <item name="Powered By Velocity"      href="http://wiki.apache.org/velocity/PoweredByVelocity"/>
        <item name="IDE/Editor Plugins"       href="http://wiki.apache.org/velocity/VelocityEditors"/>
        <item name="Articles and Books"       href="http://wiki.apache.org/velocity/PublishedArticlesAndBooks"/>
        <item name="Get Involved"             href="http://wiki.apache.org/velocity/GetInvolved"/>
        <item name="Mailing Lists"            href="http://velocity.apache.org/contact.html"/>
    </menu>

    <menu name="Velocity Development">
        <item name="Road Map"                 href="http://wiki.apache.org/velocity/RoadMap"/>
        <item name="Coding Standards"         href="http://wiki.apache.org/velocity/CodeStandards"/>
        <item name="Documentation Guidelines" href="http://wiki.apache.org/velocity/DocumentationGuidelines"/>
        <item name="Issues"                   href="https://issues.apache.org/jira/browse/VELOCITY"/>
        <item name="Who we are"               href="http://velocity.apache.org/who-we-are.html"/>
    </menu>

    <menu name="Translations">
        <item name="Site (Japanese)"          href="http://www.jajakarta.org/velocity/"/>
        <item name="User's Guide (Finnish)"   href="translations/user-guide_fi.html"/>
        <item name="User's Guide (French)"    href="translations/user-guide_fr.html"/>
        <item name="User's Guide (Spanish)"   href="translations/user-guide_es.html"/>
    </menu>

    <menu ref="reports" />

  </body>
</project>
